"Timestamp","This explanation format helped me understand how the problem was solved.","This explanation format made it easier to identify incorrect reasoning or faulty steps.","The experience of using this explanation format was engaging.","Given the choice, I would prefer to study math problems using this explanation format in the future.","Overall, I was satisfied with this explanation experience."
"2025/10/06 12:21:01 AM AST","6","6","6","6","6"
"2025/10/06 2:44:50 PM AST","5","6","7","7","6"
"2025/10/06 3:09:14 PM AST","7","6","3","5","6"
"2025/10/06 3:10:11 PM AST","5","6","7","3","6"
"2025/10/06 3:11:06 PM AST","6","4","3","3","4"
"2025/10/06 3:14:04 PM AST","7","5","7","7","6"
"2025/10/06 3:14:07 PM AST","1","3","2","1","2"
"2025/10/07 4:29:30 PM AST","1","2","2","1","1"
"2025/10/07 4:32:51 PM AST","2","3","1","2","1"
"2025/10/07 6:15:36 PM AST","4","3","5","4","4"